survived,pclass,sex,age,sibsp,parch,fare,embarked,class,who,adult_male,embark_town,alive,alone,fare_log,fare_boxcox
0,2,1,22.0,1,0,7.25,2,3,1,1,0,0,0,2.1102132003465894,1.883215700692515
1,0,0,38.0,1,0,71.2833,0,1,2,0,1,1,0,4.2805931204649,3.414047345166194
1,2,0,26.0,0,0,7.925,2,3,2,0,0,1,1,2.188856327665703,1.9453000941564331
1,0,0,35.0,1,0,53.1,2,1,2,0,0,1,0,3.9908341858524357,3.2301823390039366
0,2,1,35.0,0,0,8.05,2,3,1,1,0,0,1,2.2027647577118348,1.9562242515698263
0,2,1,24.0,0,0,8.4583,1,3,1,1,2,0,1,2.246892662898172,1.9907734029911806
0,0,1,54.0,0,0,51.8625,2,1,1,1,0,0,1,3.967694202798607,3.21524475545759
0,2,1,2.0,3,1,21.075,2,3,3,0,0,0,0,3.0944457464900235,2.6228224024692564
1,2,0,27.0,0,2,11.1333,2,3,2,0,0,1,0,2.495953738718064,2.182658176000245
1,1,0,14.0,1,0,30.0708,0,2,3,0,1,1,0,3.436268471383741,2.8615187940664017
1,2,0,4.0,1,1,16.7,2,3,3,0,0,1,0,2.8735646395797834,2.463737742145464
1,0,0,58.0,0,0,26.55,2,1,2,0,0,1,1,3.3160025355989236,2.778557895881126
0,2,1,20.0,0,0,8.05,2,3,1,1,0,0,1,2.2027647577118348,1.9562242515698263
0,2,1,39.0,1,5,31.275,2,3,1,1,0,0,0,3.4742929367327062,2.8875210149241997
0,2,0,14.0,0,0,7.8542,2,3,3,0,0,0,1,2.180891922715322,1.93903704877462
1,1,0,55.0,0,0,16.0,2,2,2,0,0,1,1,2.833213344056216,2.434255791735857
0,2,1,2.0,4,1,29.125,1,3,3,0,2,0,0,3.405355391810819,2.840299252028104
1,1,1,29.0,0,0,13.0,2,2,1,1,0,1,1,2.6390573296152584,2.2905552238882727
0,2,0,31.0,1,0,18.0,2,3,2,0,0,0,0,2.9444389791664403,2.515205110870153
1,2,0,24.0,0,0,7.225,0,3,2,0,1,1,1,2.1071782966514356,1.880809033479897
0,1,1,35.0,0,0,26.0,2,2,1,1,0,0,1,3.295836866004329,2.7645396242206477
1,1,1,34.0,0,0,13.0,2,2,1,1,0,1,1,2.6390573296152584,2.2905552238882727
1,2,0,15.0,0,0,8.0292,1,3,3,0,2,1,1,2.2004637699272855,1.9544181304258843
1,0,1,28.0,0,0,35.5,2,1,1,1,0,1,1,3.597312260588446,2.9709039661441774
0,2,0,8.0,3,1,21.075,2,3,3,0,0,0,0,3.0944457464900235,2.6228224024692564
1,2,0,38.0,1,5,31.3875,2,3,2,0,0,1,0,3.4777725458882283,2.889895044840141
0,2,1,24.0,0,0,7.225,0,3,1,1,1,0,1,2.1071782966514356,1.880809033479897
0,0,1,19.0,3,2,263.0,2,1,1,1,0,0,0,5.575949103146316,4.167994881161111
1,2,0,24.0,0,0,7.8792,1,3,2,0,2,1,1,2.1837114628556327,1.9412549049296968
0,2,1,24.0,0,0,7.8958,2,3,1,1,0,0,1,2.1855792552411137,1.9427237356264735
0,0,1,40.0,0,0,27.7208,0,1,1,1,1,0,1,3.357621598945279,2.8073914873062176
1,0,0,37.0,1,0,146.5208,0,1,2,0,1,1,0,4.993969182787072,3.8425117596934406
1,2,0,24.0,0,0,7.75,1,3,2,0,2,1,1,2.169053700369523,1.9297175682817873
0,1,1,66.0,0,0,10.5,2,2,1,1,0,0,1,2.4423470353692043,2.1418006055672634
0,0,1,28.0,1,0,82.1708,0,1,1,1,1,0,0,4.420896324687287,3.5009922402714824
0,0,1,42.0,1,0,52.0,2,1,1,1,0,0,0,3.970291913552122,3.21692355414975
1,2,1,24.0,0,0,7.2292,0,3,1,1,1,1,1,2.1076888046179385,1.8812139205814788
0,2,1,21.0,0,0,8.05,2,3,1,1,0,0,1,2.2027647577118348,1.9562242515698263
0,2,0,18.0,2,0,18.0,2,3,2,0,0,0,0,2.9444389791664403,2.515205110870153
1,2,0,14.0,1,0,11.2417,0,3,3,0,1,1,0,2.5048481563289,2.189413987999435
0,2,0,40.0,1,0,9.475,2,3,2,0,0,0,0,2.348991465808201,2.070069913538365
0,1,0,27.0,1,0,21.0,2,2,2,0,0,0,0,3.091042453358316,2.6204004582415186
0,2,1,24.0,0,0,7.8958,0,3,1,1,1,0,1,2.1855792552411137,1.9427237356264735
1,1,0,3.0,1,2,41.5792,0,2,3,0,1,1,0,3.7513658711253766,3.0737434846409677
1,2,0,19.0,0,0,7.8792,1,3,2,0,2,1,1,2.1837114628556327,1.9412549049296968
0,2,1,24.0,0,0,8.05,2,3,1,1,0,0,1,2.2027647577118348,1.9562242515698263
0,2,1,24.0,1,0,15.5,1,3,1,1,2,0,0,2.803360380906535,2.412359892682302
0,2,1,24.0,2,0,21.6792,0,3,1,1,1,0,0,3.1214482048688246,2.6420065288677703
0,2,0,18.0,1,0,17.8,2,3,2,0,0,0,0,2.9338568698359038,2.5075460754180603
0,2,1,7.0,4,1,39.6875,2,3,3,0,0,0,0,3.705920919968788,3.043587395129805
0,2,1,21.0,0,0,7.8,2,3,1,1,0,0,1,2.174751721484161,1.934204773119488
1,0,0,49.0,1,0,76.7292,0,1,2,0,1,1,0,4.353230991152628,3.4592280059954206
1,1,0,29.0,1,0,26.0,2,2,2,0,0,1,0,3.295836866004329,2.7645396242206477
0,0,1,65.0,0,1,61.9792,0,1,1,1,1,0,0,4.142804513146981,3.3273448398928447
1,0,1,37.0,0,0,35.5,2,1,1,1,0,1,1,3.597312260588446,2.9709039661441774
1,1,0,21.0,0,0,10.5,2,2,2,0,0,1,1,2.4423470353692043,2.1418006055672634
0,2,1,28.5,0,0,7.2292,0,3,1,1,1,0,1,2.1076888046179385,1.8812139205814788
1,1,0,5.0,1,2,27.75,2,2,3,0,0,1,0,3.3586377672433594,2.8080938369947166
0,2,1,11.0,5,2,46.9,2,3,3,0,0,0,0,3.8691155044168695,3.151181419547756
0,2,1,22.0,0,0,7.2292,0,3,1,1,1,0,1,2.1076888046179385,1.8812139205814788
1,0,0,38.0,0,0,80.0,2,1,2,0,0,1,1,4.394449154672439,3.484705574170621
0,0,1,45.0,1,0,83.475,2,1,1,1,0,0,0,4.436455632600354,3.510551843590931
0,2,1,4.0,3,2,27.9,2,3,3,0,0,0,0,3.3638415951183864,2.8116893604126076
0,0,1,37.0,0,0,27.7208,0,1,1,1,1,0,1,3.357621598945279,2.8073914873062176
1,2,1,24.0,1,1,15.2458,0,3,1,1,1,1,0,2.7878344138303452,2.4009437945387266
1,1,0,29.0,0,0,10.5,2,2,2,0,0,1,1,2.4423470353692043,2.1418006055672634
0,2,1,19.0,0,0,8.1583,2,3,1,1,0,0,1,2.2146605719425225,1.9655543814263712
1,2,0,17.0,4,2,7.925,2,3,2,0,0,1,0,2.188856327665703,1.9453000941564331
0,2,1,26.0,2,0,8.6625,2,3,1,1,0,0,0,2.2682524139135403,2.0074365035447177
0,1,1,32.0,0,0,10.5,2,2,1,1,0,0,1,2.4423470353692043,2.1418006055672634
0,2,0,16.0,5,2,46.9,2,3,2,0,0,0,0,3.8691155044168695,3.151181419547756
0,1,1,21.0,0,0,73.5,2,2,1,1,0,0,1,4.310799125385514,3.4328792936384778
0,2,1,26.0,1,0,14.4542,0,3,1,1,1,0,0,2.737880811060884,2.36408082925627
1,2,1,32.0,0,0,56.4958,2,3,1,1,0,1,1,4.05171190165724,3.2692997101951935
0,2,1,25.0,0,0,7.65,2,3,1,1,0,0,1,2.157559320943788,1.920657154794513
1,1,1,0.83,0,2,29.0,2,2,3,0,0,1,0,3.4011973816621555,2.837439576768067
1,2,0,30.0,0,0,12.475,2,3,2,0,0,1,1,2.600836116795061,2.2619032660702967
0,2,1,22.0,0,0,9.0,2,3,1,1,0,0,1,2.302585092994046,2.034138105292032
1,2,1,29.0,0,0,9.5,2,3,1,1,0,1,1,2.3513752571634776,2.0719107020982
1,2,0,24.0,0,0,7.7875,1,3,2,0,2,1,1,2.1733302571367834,1.933085629910617
0,0,1,28.0,0,0,47.1,2,1,1,1,0,0,1,3.8732821771117156,3.1539032977363215
1,1,0,17.0,0,0,10.5,2,2,2,0,0,1,1,2.4423470353692043,2.1418006055672634
1,2,0,33.0,3,0,15.85,2,3,2,0,0,1,0,2.8243506567983707,2.427762883745839
0,2,1,16.0,1,3,34.375,2,3,1,1,0,0,0,3.5660053559634015,2.9497909400864017
1,0,0,23.0,3,2,263.0,2,1,2,0,0,1,0,5.575949103146316,4.167994881161111
0,2,1,24.0,0,0,8.05,2,3,1,1,0,0,1,2.2027647577118348,1.9562242515698263
0,2,1,29.0,0,0,8.05,2,3,1,1,0,0,1,2.2027647577118348,1.9562242515698263
0,2,1,20.0,0,0,7.8542,2,3,1,1,0,0,1,2.180891922715322,1.93903704877462
0,0,1,46.0,1,0,61.175,2,1,1,1,0,0,0,4.1299529896894684,3.319190914321865
0,2,1,26.0,1,2,20.575,2,3,1,1,0,0,0,3.0715352369694915,2.606500696325152
0,2,1,59.0,0,0,7.25,2,3,1,1,0,0,1,2.1102132003465894,1.883215700692515
0,0,1,71.0,0,0,34.6542,0,1,1,1,1,0,1,3.57386695198272,2.9550995504093116
1,0,1,23.0,0,1,63.3583,0,1,1,1,1,1,0,4.164465907853638,3.341062318764579
1,1,0,34.0,0,1,23.0,2,2,2,0,0,1,0,3.1780538303479458,2.68203803664708
0,1,1,34.0,1,0,26.0,2,2,1,1,0,0,0,3.295836866004329,2.7645396242206477
0,2,0,28.0,0,0,7.8958,2,3,2,0,0,0,1,2.1855792552411137,1.9427237356264735
0,0,1,21.0,0,1,77.2875,2,1,1,1,0,0,0,4.360387947851531,3.4636601196328103
0,2,1,33.0,0,0,8.6542,2,3,1,1,0,0,1,2.267393053825037,2.0067668578601126
0,2,1,37.0,2,0,7.925,2,3,1,1,0,0,0,2.188856327665703,1.9453000941564331
0,2,1,28.0,0,0,7.8958,2,3,1,1,0,0,1,2.1855792552411137,1.9427237356264735
1,2,0,21.0,0,0,7.65,2,3,2,0,0,1,1,2.157559320943788,1.920657154794513
1,2,1,24.0,0,0,7.775,2,3,1,1,0,1,1,2.1719067693519296,1.9319647182517203
0,2,1,38.0,0,0,7.8958,2,3,1,1,0,0,1,2.1855792552411137,1.9427237356264735
1,2,0,24.0,1,0,24.15,1,3,2,0,2,1,0,3.224857896545748,2.714950157062132
0,0,1,47.0,0,0,52.0,2,1,1,1,0,0,1,3.970291913552122,3.21692355414975
0,2,0,14.5,1,0,14.4542,0,3,3,0,1,0,0,2.737880811060884,2.36408082925627
0,2,1,22.0,0,0,8.05,2,3,1,1,0,0,1,2.2027647577118348,1.9562242515698263
0,2,0,20.0,1,0,9.825,2,3,2,0,0,0,0,2.3818582738885534,2.095407507298567
0,2,0,17.0,0,0,14.4583,0,3,2,0,1,0,1,2.738146075922933,2.3642771152879596
0,2,1,21.0,0,0,7.925,2,3,1,1,0,0,1,2.188856327665703,1.9453000941564331
0,2,1,70.5,0,0,7.75,1,3,1,1,2,0,1,2.169053700369523,1.9297175682817873
0,1,1,29.0,1,0,21.0,2,2,1,1,0,0,0,3.091042453358316,2.6204004582415186
0,0,1,24.0,0,1,247.5208,0,1,1,1,1,0,0,5.515526544247129,4.135163490657295
0,2,0,2.0,4,2,31.275,2,3,3,0,0,0,0,3.4742929367327062,2.8875210149241997
0,1,1,21.0,2,0,73.5,2,2,1,1,0,0,0,4.310799125385514,3.4328792936384778
0,1,1,32.5,1,0,30.0708,0,2,1,1,1,0,0,3.436268471383741,2.8615187940664017
1,1,0,32.5,0,0,13.0,2,2,2,0,0,1,1,2.6390573296152584,2.2905552238882727
0,0,1,54.0,0,1,77.2875,2,1,1,1,0,0,0,4.360387947851531,3.4636601196328103
1,2,1,12.0,1,0,11.2417,0,3,3,0,1,1,0,2.5048481563289,2.189413987999435
0,2,1,24.0,0,0,7.75,1,3,1,1,2,0,1,2.169053700369523,1.9297175682817873
1,2,1,24.0,0,0,7.1417,2,3,1,1,0,1,1,2.0969990034181696,1.8727310235464574
1,2,0,24.0,1,1,22.3583,0,3,2,0,1,1,0,3.1509523813392697,2.662902984828209
0,2,1,45.0,0,0,6.975,2,3,1,1,0,0,1,2.076311648670908,1.8562862076955402
0,2,1,33.0,0,0,7.8958,0,3,1,1,1,0,1,2.1855792552411137,1.9427237356264735
0,2,1,20.0,0,0,7.05,2,3,1,1,0,0,1,2.0856720914304723,1.8637316568815194
0,2,0,47.0,1,0,14.5,2,3,2,0,0,0,0,2.740840023925201,2.3662702112144007
0,1,1,25.0,0,0,13.0,2,2,1,1,0,0,1,2.6390573296152584,2.2905552238882727
0,1,1,23.0,0,0,15.0458,0,2,1,1,1,0,1,2.775447133088262,2.391821550659525
1,0,0,19.0,0,2,26.2833,2,1,2,0,0,1,0,3.3062747934011893,2.7717994863015303
0,0,1,37.0,1,0,53.1,2,1,1,1,0,0,0,3.9908341858524357,3.2301823390039366
0,2,1,16.0,0,0,9.2167,2,3,1,1,0,0,1,2.3240236363515288,2.0507604654306775
0,0,1,24.0,0,0,79.2,0,1,1,1,1,0,1,4.384523514872469,3.478580940761489
0,2,0,24.0,0,2,15.2458,0,3,2,0,1,0,0,2.7878344138303452,2.4009437945387266
1,2,0,22.0,0,0,7.75,2,3,2,0,0,1,1,2.169053700369523,1.9297175682817873
1,2,0,24.0,1,0,15.85,2,3,2,0,0,1,0,2.8243506567983707,2.427762883745839
0,2,1,19.0,0,0,6.75,1,3,1,1,2,0,1,2.0476928433652555,1.8334747375709632
0,1,1,18.0,0,0,11.5,2,2,1,1,0,0,1,2.5257286443082556,2.20524795050654
0,1,1,19.0,1,1,36.75,2,2,1,1,0,0,0,3.6309854756950335,2.9935317997202637
1,2,1,27.0,0,0,7.7958,2,3,1,1,0,1,1,2.174274334826008,1.9338289379472668
0,2,0,9.0,2,2,34.375,2,3,3,0,0,0,0,3.5660053559634015,2.9497909400864017
0,1,1,36.5,0,2,26.0,2,2,1,1,0,0,0,3.295836866004329,2.7645396242206477
0,1,1,42.0,0,0,13.0,2,2,1,1,0,0,1,2.6390573296152584,2.2905552238882727
0,1,1,51.0,0,0,12.525,2,2,1,1,0,0,1,2.6045398247325453,2.264684968543132
1,0,0,22.0,1,0,66.6,2,1,2,0,0,1,0,4.213607983048918,3.3720615354798955
0,2,1,55.5,0,0,8.05,2,3,1,1,0,0,1,2.2027647577118348,1.9562242515698263
0,2,1,40.5,0,2,14.5,2,3,1,1,0,0,0,2.740840023925201,2.3662702112144007
0,2,1,24.0,0,0,7.3125,2,3,1,1,0,0,1,2.1177604059819726,1.8891971245105252
0,0,1,51.0,0,1,61.3792,0,1,1,1,1,0,0,4.133231886474144,3.321272376270331
1,2,0,16.0,0,0,7.7333,1,3,2,0,2,1,1,2.167143305297764,1.9282124981249846
0,2,1,30.0,0,0,8.05,2,3,1,1,0,0,1,2.2027647577118348,1.9562242515698263
0,2,1,24.0,0,0,8.6625,2,3,1,1,0,0,1,2.2682524139135403,2.0074365035447177
0,2,1,24.0,8,2,69.55,2,3,1,1,0,0,0,4.256321678298823,3.3988699015533936
0,2,1,44.0,0,1,16.1,2,3,1,1,0,0,0,2.8390784635086144,2.438549167642342
1,1,0,40.0,0,0,15.75,2,2,2,0,0,1,1,2.8183982582710754,2.4233985328452223
0,2,1,26.0,0,0,7.775,2,3,1,1,0,0,1,2.1719067693519296,1.9319647182517203
0,2,1,17.0,0,0,8.6625,2,3,1,1,0,0,1,2.2682524139135403,2.0074365035447177
0,2,1,1.0,4,1,39.6875,2,3,3,0,0,0,0,3.705920919968788,3.043587395129805
1,2,1,9.0,0,2,20.525,2,3,3,0,0,1,0,3.0692150503137943,2.6048454743946965
1,0,0,37.0,0,1,55.0,2,1,2,0,0,1,0,4.02535169073515,3.2523939341209185
0,2,0,45.0,1,4,27.9,2,3,2,0,0,0,0,3.3638415951183864,2.8116893604126076
0,0,1,37.0,0,0,25.925,2,1,1,1,0,0,1,3.2930552230424524,2.762603508995655
0,2,1,28.0,0,0,56.4958,2,3,1,1,0,0,1,4.05171190165724,3.2692997101951935
0,0,1,61.0,0,0,33.5,2,1,1,1,0,0,1,3.5409593240373143,2.932847751337199
0,2,1,4.0,4,1,29.125,1,3,3,0,2,0,0,3.405355391810819,2.840299252028104
1,2,0,1.0,1,1,11.1333,2,3,3,0,0,1,0,2.495953738718064,2.182658176000245
0,0,1,56.0,0,0,30.6958,0,1,1,1,1,0,1,3.4561841799918147,2.875151289871443
0,2,1,18.0,1,1,7.8542,2,3,1,1,0,0,0,2.180891922715322,1.93903704877462
0,2,1,24.0,3,1,25.4667,2,3,1,1,0,0,0,3.275887339030031,2.7506409766262077
0,0,0,50.0,0,0,28.7125,0,1,2,0,1,0,1,3.391567832686312,2.8308118218545744
0,1,1,30.0,0,0,13.0,2,2,1,1,0,0,1,2.6390573296152584,2.2905552238882727
0,2,1,36.0,0,0,0.0,2,3,1,1,0,0,1,0.0,0.0
0,2,0,24.0,8,2,69.55,2,3,2,0,0,0,0,4.256321678298823,3.3988699015533936
0,1,1,29.0,0,0,15.05,0,2,1,1,1,0,1,2.775708849576025,2.3920144125223017
0,2,1,9.0,4,2,31.3875,2,3,3,0,0,0,0,3.4777725458882283,2.889895044840141
1,1,1,1.0,2,1,39.0,2,2,3,0,0,1,0,3.6888794541139363,3.03224020377158
1,2,0,4.0,0,2,22.025,2,3,3,0,0,1,0,3.1365805821413706,2.652732568994766
0,0,1,37.0,0,0,50.0,2,1,1,1,0,0,1,3.9318256327243257,3.1920151994671424
1,2,0,24.0,1,0,15.5,1,3,2,0,2,1,0,2.803360380906535,2.412359892682302
1,0,1,45.0,0,0,26.55,2,1,1,1,0,1,1,3.3160025355989236,2.778557895881126
0,2,1,40.0,1,1,15.5,1,3,1,1,2,0,0,2.803360380906535,2.412359892682302
0,2,1,36.0,0,0,7.8958,2,3,1,1,0,0,1,2.1855792552411137,1.9427237356264735
1,1,0,32.0,0,0,13.0,2,2,2,0,0,1,1,2.6390573296152584,2.2905552238882727
0,1,1,19.0,0,0,13.0,2,2,1,1,0,0,1,2.6390573296152584,2.2905552238882727
1,2,0,19.0,1,0,7.8542,2,3,2,0,0,1,0,2.180891922715322,1.93903704877462
1,1,1,3.0,1,1,26.0,2,2,3,0,0,1,0,3.295836866004329,2.7645396242206477
1,0,0,44.0,0,0,27.7208,0,1,2,0,1,1,1,3.357621598945279,2.8073914873062176
1,0,0,58.0,0,0,146.5208,0,1,2,0,1,1,1,4.993969182787072,3.8425117596934406
0,2,1,42.0,0,1,8.4042,2,3,1,1,0,0,0,2.2411563979973974,1.9862917739985766
0,1,0,24.0,0,0,13.0,2,2,2,0,0,0,1,2.6390573296152584,2.2905552238882727
0,2,1,28.0,0,0,9.5,2,3,1,1,0,0,1,2.3513752571634776,2.0719107020982
0,2,1,34.0,0,0,6.4958,2,3,1,1,0,0,1,2.0143428636837015,1.8068013923774138
0,2,1,45.5,0,0,7.225,0,3,1,1,1,0,1,2.1071782966514356,1.880809033479897
1,2,1,18.0,0,0,8.05,2,3,1,1,0,1,1,2.2027647577118348,1.9562242515698263
0,2,0,2.0,0,1,10.4625,2,3,3,0,0,0,0,2.4390808375825834,2.139303403688695
0,2,1,32.0,1,0,15.85,2,3,1,1,0,0,0,2.8243506567983707,2.427762883745839
1,2,1,26.0,0,0,18.7875,0,3,1,1,1,1,1,2.9850504252071306,2.5445159269518127
1,2,0,16.0,0,0,7.75,1,3,2,0,2,1,1,2.169053700369523,1.9297175682817873
1,0,1,40.0,0,0,31.0,0,1,1,1,1,1,1,3.4657359027997265,2.8816789487070023
0,2,1,24.0,0,0,7.05,2,3,1,1,0,0,1,2.0856720914304723,1.8637316568815194
1,1,0,35.0,0,0,21.0,2,2,2,0,0,1,1,3.091042453358316,2.6204004582415186
0,2,1,22.0,0,0,7.25,2,3,1,1,0,0,1,2.1102132003465894,1.883215700692515
0,2,1,24.0,1,0,7.75,1,3,1,1,2,0,0,2.169053700369523,1.9297175682817873
1,0,0,31.0,1,0,113.275,0,1,2,0,1,1,0,4.738607824217808,3.6929863575675443
1,2,0,27.0,0,0,7.925,2,3,2,0,0,1,1,2.188856327665703,1.9453000941564331
0,1,1,42.0,1,0,27.0,2,2,1,1,0,0,0,3.332204510175204,2.7897982793798195
1,0,0,32.0,0,0,76.2917,0,1,2,0,1,1,1,4.347586575960343,3.4557301075592717
0,1,1,30.0,0,0,10.5,2,2,1,1,0,0,1,2.4423470353692043,2.1418006055672634
1,2,1,16.0,0,0,8.05,2,3,1,1,0,1,1,2.2027647577118348,1.9562242515698263
0,1,1,27.0,0,0,13.0,2,2,1,1,0,0,1,2.6390573296152584,2.2905552238882727
0,2,1,51.0,0,0,8.05,2,3,1,1,0,0,1,2.2027647577118348,1.9562242515698263
1,0,1,38.0,1,0,90.0,2,1,1,1,0,1,0,4.51085950651685,3.556039923736847
0,2,1,22.0,0,0,9.35,2,3,1,1,0,0,1,2.336986519711378,2.060792229591371
1,1,1,19.0,0,0,10.5,2,2,1,1,0,1,1,2.4423470353692043,2.1418006055672634
0,2,1,20.5,0,0,7.25,2,3,1,1,0,0,1,2.1102132003465894,1.883215700692515
0,1,1,18.0,0,0,13.0,2,2,1,1,0,0,1,2.6390573296152584,2.2905552238882727
0,2,0,24.0,3,1,25.4667,2,3,2,0,0,0,0,3.275887339030031,2.7506409766262077
1,0,0,35.0,1,0,83.475,2,1,2,0,0,1,0,4.436455632600354,3.510551843590931
0,2,1,29.0,0,0,7.775,2,3,1,1,0,0,1,2.1719067693519296,1.9319647182517203
0,1,1,59.0,0,0,13.5,2,2,1,1,0,0,1,2.6741486494265287,2.3167550544759803
1,2,0,5.0,4,2,31.3875,2,3,3,0,0,1,0,3.4777725458882283,2.889895044840141
0,1,1,24.0,0,0,10.5,2,2,1,1,0,0,1,2.4423470353692043,2.1418006055672634
0,2,0,24.0,0,0,7.55,2,3,2,0,0,0,1,2.145931282948669,1.9114797224535416
0,1,1,44.0,1,0,26.0,2,2,1,1,0,0,0,3.295836866004329,2.7645396242206477
1,1,0,8.0,0,2,26.25,2,2,3,0,0,1,0,3.305053521109253,2.7709504887320797
0,1,1,19.0,0,0,10.5,2,2,1,1,0,0,1,2.4423470353692043,2.1418006055672634
0,1,1,33.0,0,0,12.275,2,2,1,1,0,0,1,2.5858825671280026,2.250660740065505
0,2,0,24.0,1,0,14.4542,0,3,2,0,1,0,0,2.737880811060884,2.36408082925627
0,1,1,29.0,0,0,10.5,2,2,1,1,0,0,1,2.4423470353692043,2.1418006055672634
0,2,1,22.0,0,0,7.125,2,3,1,1,0,0,1,2.094945728215801,1.8711005037997726
0,2,1,30.0,0,0,7.225,0,3,1,1,1,0,1,2.1071782966514356,1.880809033479897
0,0,1,44.0,2,0,90.0,1,1,1,1,2,0,0,4.51085950651685,3.556039923736847
0,2,0,25.0,0,0,7.775,2,3,2,0,0,0,1,2.1719067693519296,1.9319647182517203
1,1,0,24.0,0,2,14.5,2,2,2,0,0,1,0,2.740840023925201,2.3662702112144007
1,0,1,37.0,1,1,52.5542,2,1,1,1,0,1,0,3.9806942251907276,3.223641356439257
0,1,1,54.0,1,0,26.0,2,2,1,1,0,0,0,3.295836866004329,2.7645396242206477
0,2,1,24.0,0,0,7.25,2,3,1,1,0,0,1,2.1102132003465894,1.883215700692515
0,2,0,29.0,1,1,10.4625,2,3,2,0,0,0,0,2.4390808375825834,2.139303403688695
0,0,1,62.0,0,0,26.55,2,1,1,1,0,0,1,3.3160025355989236,2.778557895881126
0,2,1,30.0,1,0,16.1,2,3,1,1,0,0,0,2.8390784635086144,2.438549167642342
0,2,0,41.0,0,2,20.2125,2,3,2,0,0,0,0,3.0545906305603445,2.5944026805546554
1,2,0,29.0,0,2,15.2458,0,3,2,0,1,1,0,2.7878344138303452,2.4009437945387266
1,0,0,37.0,0,0,79.2,0,1,2,0,1,1,1,4.384523514872469,3.478580940761489
1,0,0,30.0,0,0,86.5,2,1,2,0,0,1,1,4.471638793363569,3.532108069443433
1,0,0,35.0,0,0,512.3292,0,1,2,0,1,1,1,6.240917354759096,4.515260444650866
1,1,0,50.0,0,1,26.0,2,2,2,0,0,1,0,3.295836866004329,2.7645396242206477
1,2,1,3.0,4,2,31.3875,2,3,3,0,0,1,0,3.4777725458882283,2.889895044840141
0,0,1,52.0,1,1,79.65,2,1,1,1,0,0,0,4.390118804571218,3.482034346272427
0,0,1,40.0,0,0,0.0,2,1,1,1,0,0,1,0.0,0.0
0,2,0,24.0,0,0,7.75,1,3,2,0,2,0,1,2.169053700369523,1.9297175682817873
0,1,1,36.0,0,0,10.5,2,2,1,1,0,0,1,2.4423470353692043,2.1418006055672634
0,2,1,16.0,4,1,39.6875,2,3,1,1,0,0,0,3.705920919968788,3.043587395129805
1,2,1,25.0,1,0,7.775,2,3,1,1,0,1,0,2.1719067693519296,1.9319647182517203
1,0,0,58.0,0,1,153.4625,2,1,2,0,0,1,0,5.039951348430309,3.8689929845677504
1,0,0,35.0,0,0,135.6333,2,1,2,0,0,1,1,4.91730069488021,3.798059301919674
0,0,1,37.0,0,0,31.0,2,1,1,1,0,0,1,3.4657359027997265,2.8816789487070023
1,2,1,25.0,0,0,0.0,2,3,1,1,0,1,1,0.0,0.0
1,1,0,41.0,0,1,19.5,2,2,2,0,0,1,0,3.0204248861443626,2.569940539317954
0,0,1,37.0,0,1,29.7,0,1,1,1,1,0,0,3.4242626545931514,2.8532862571895845
1,0,0,63.0,1,0,77.9583,2,1,2,0,0,1,0,4.368919865004903,3.4689391531100418
0,2,0,45.0,0,0,7.75,2,3,2,0,0,0,1,2.169053700369523,1.9297175682817873
0,1,1,29.0,0,0,0.0,2,2,1,1,0,0,1,0.0,0.0
0,2,1,7.0,4,1,29.125,1,3,3,0,2,0,0,3.405355391810819,2.840299252028104
1,2,0,35.0,1,1,20.25,2,3,2,0,0,1,0,3.056356895370426,2.5956648013925827
0,2,1,65.0,0,0,7.75,1,3,1,1,2,0,1,2.169053700369523,1.9297175682817873
0,2,1,28.0,0,0,7.8542,2,3,1,1,0,0,1,2.180891922715322,1.93903704877462
0,2,1,16.0,0,0,9.5,2,3,1,1,0,0,1,2.3513752571634776,2.0719107020982
1,2,1,19.0,0,0,8.05,2,3,1,1,0,1,1,2.2027647577118348,1.9562242515698263
0,0,1,37.0,0,0,26.0,2,1,1,1,0,0,1,3.295836866004329,2.7645396242206477
0,2,1,33.0,0,0,8.6625,0,3,1,1,1,0,1,2.2682524139135403,2.0074365035447177
1,2,1,30.0,0,0,9.5,2,3,1,1,0,1,1,2.3513752571634776,2.0719107020982
0,2,1,22.0,0,0,7.8958,2,3,1,1,0,0,1,2.1855792552411137,1.9427237356264735
1,1,1,42.0,0,0,13.0,2,2,1,1,0,1,1,2.6390573296152584,2.2905552238882727
1,2,0,22.0,0,0,7.75,1,3,2,0,2,1,1,2.169053700369523,1.9297175682817873
1,0,0,26.0,0,0,78.85,2,1,2,0,0,1,1,4.380149874661021,3.475880055399015
1,0,0,19.0,1,0,91.0792,0,1,2,0,1,1,0,4.5226490762785785,3.5632135736097426
0,1,1,36.0,0,0,12.875,0,2,1,1,1,0,1,2.630088659632498,2.283842807203021
0,2,0,24.0,0,0,8.85,2,3,2,0,0,0,1,2.2874714551839976,2.022396177868413
0,2,1,24.0,0,0,7.8958,2,3,1,1,0,0,1,2.1855792552411137,1.9427237356264735
0,2,1,23.5,0,0,7.2292,0,3,1,1,1,0,1,2.1076888046179385,1.8812139205814788
0,0,0,2.0,1,2,151.55,2,1,3,0,0,0,0,5.027492411162679,3.8618310797717506
1,0,1,37.0,0,0,30.5,2,1,1,1,0,1,1,3.449987545831587,2.8709128334804723
1,0,0,50.0,0,1,247.5208,0,1,2,0,1,1,0,5.515526544247129,4.135163490657295
1,2,1,24.0,2,0,23.25,1,3,1,1,2,1,0,3.188416617383492,2.6893396488771106
0,2,1,19.0,0,0,0.0,2,3,1,1,0,0,1,0.0,0.0
1,1,0,29.0,0,0,12.35,1,2,2,0,2,1,1,2.5915163848462583,2.2548985838782407
1,0,1,0.92,1,2,151.55,2,1,3,0,0,1,0,5.027492411162679,3.8618310797717506
1,0,0,37.0,0,0,110.8833,0,1,2,0,1,1,1,4.717456363787216,3.6804118710867897
1,0,0,17.0,1,0,108.9,0,1,2,0,1,1,0,4.699570861409576,3.669756136861416
0,1,1,30.0,1,0,24.0,0,2,1,1,1,0,0,3.2188758248682006,2.710753065730635
1,0,0,30.0,0,0,56.9292,0,1,2,0,1,1,1,4.0592215752427645,3.2741069766870656
1,0,0,24.0,0,0,83.1583,0,1,2,0,1,1,1,4.432699549165613,3.508245612266387
1,0,0,18.0,2,2,262.375,0,1,2,0,1,1,0,5.5735788721243535,4.1667110925708615
0,1,0,26.0,1,1,26.0,2,2,2,0,0,0,0,3.295836866004329,2.7645396242206477
0,1,1,43.0,1,1,26.25,2,2,1,1,0,0,0,3.305053521109253,2.7709504887320797
1,2,0,26.0,0,0,7.8542,2,3,2,0,0,1,1,2.180891922715322,1.93903704877462
1,1,0,24.0,1,0,26.0,2,2,2,0,0,1,0,3.295836866004329,2.7645396242206477
0,1,1,54.0,0,0,14.0,2,2,1,1,0,0,1,2.70805020110221,2.341970723865248
1,0,0,31.0,0,2,164.8667,2,1,2,0,0,1,0,5.11118445372147,3.9097527413520745
1,0,0,40.0,1,1,134.5,0,1,2,0,1,1,0,4.908971640319756,3.7932074961030726
0,2,1,27.0,0,0,7.8958,2,3,1,1,0,0,1,2.1855792552411137,1.9427237356264735
1,1,0,30.0,0,0,12.35,1,2,2,0,2,1,1,2.5915163848462583,2.2548985838782407
1,1,0,22.0,1,1,29.0,2,2,2,0,0,1,0,3.4011973816621555,2.837439576768067
1,0,0,36.0,0,0,135.6333,0,1,2,0,1,1,1,4.91730069488021,3.798059301919674
0,2,1,61.0,0,0,6.2375,2,3,1,1,0,0,1,1.9792758428991135,1.7786490269476452
1,1,0,36.0,0,0,13.0,2,2,2,0,0,1,1,2.6390573296152584,2.2905552238882727
1,2,0,31.0,1,1,20.525,2,3,2,0,0,1,0,3.0692150503137943,2.6048454743946965
1,0,0,16.0,0,1,57.9792,0,1,2,0,1,1,0,4.077184839375167,3.2855899419710974
1,2,0,24.0,2,0,23.25,1,3,2,0,2,1,0,3.188416617383492,2.6893396488771106
0,0,1,45.5,0,0,28.5,2,1,1,1,0,0,1,3.3843902633457743,2.825867129162543
0,0,1,38.0,0,1,153.4625,2,1,1,1,0,0,0,5.039951348430309,3.8689929845677504
0,2,1,16.0,2,0,18.0,2,3,1,1,0,0,0,2.9444389791664403,2.515205110870153
1,0,0,37.0,1,0,133.65,2,1,2,0,0,1,0,4.902678819257608,3.7895388796348666
0,0,1,29.0,1,0,66.6,2,1,1,1,0,0,0,4.213607983048918,3.3720615354798955
1,0,0,41.0,0,0,134.5,0,1,2,0,1,1,1,4.908971640319756,3.7932074961030726
1,2,1,45.0,0,0,8.05,2,3,1,1,0,1,1,2.2027647577118348,1.9562242515698263
0,0,1,45.0,0,0,35.5,2,1,1,1,0,0,1,3.597312260588446,2.9709039661441774
1,1,1,2.0,1,1,26.0,2,2,3,0,0,1,0,3.295836866004329,2.7645396242206477
1,0,0,24.0,3,2,263.0,2,1,2,0,0,1,0,5.575949103146316,4.167994881161111
0,1,1,28.0,0,0,13.0,2,2,1,1,0,0,1,2.6390573296152584,2.2905552238882727
0,1,1,36.0,0,0,13.0,2,2,1,1,0,0,1,2.6390573296152584,2.2905552238882727
1,1,0,24.0,0,0,13.0,2,2,2,0,0,1,1,2.6390573296152584,2.2905552238882727
1,1,0,40.0,0,0,13.0,2,2,2,0,0,1,1,2.6390573296152584,2.2905552238882727
1,2,0,24.0,1,0,16.1,2,3,2,0,0,1,0,2.8390784635086144,2.438549167642342
1,2,1,3.0,1,1,15.9,2,3,3,0,0,1,0,2.8273136219290276,2.4299342908752446
0,2,1,42.0,0,0,8.6625,2,3,1,1,0,0,1,2.2682524139135403,2.0074365035447177
0,2,1,23.0,0,0,9.225,2,3,1,1,0,0,1,2.3248357019288655,2.0513893297835324
0,0,1,37.0,0,0,35.0,2,1,1,1,0,0,1,3.58351893845611,2.961610862896694
0,2,1,15.0,1,1,7.2292,0,3,3,0,1,0,0,2.1076888046179385,1.8812139205814788
0,2,1,25.0,1,0,17.8,2,3,1,1,0,0,0,2.9338568698359038,2.5075460754180603
1,0,0,22.0,0,1,55.0,2,1,2,0,0,1,0,4.02535169073515,3.2523939341209185
0,1,0,38.0,0,0,13.0,2,2,2,0,0,0,1,2.6390573296152584,2.2905552238882727
0,2,1,40.0,1,4,27.9,2,3,1,1,0,0,0,3.3638415951183864,2.8116893604126076
0,1,1,29.0,1,0,27.7208,0,2,1,1,1,0,0,3.357621598945279,2.8073914873062176
0,2,0,45.0,0,1,14.4542,0,3,2,0,1,0,0,2.737880811060884,2.36408082925627
0,2,1,35.0,0,0,7.05,2,3,1,1,0,0,1,2.0856720914304723,1.8637316568815194
0,2,1,30.0,0,0,7.25,2,3,1,1,0,0,1,2.1102132003465894,1.883215700692515
1,0,0,60.0,1,0,75.25,0,1,2,0,1,1,0,4.334017415487521,3.4473122774723985
1,2,0,24.0,0,0,7.2292,0,3,2,0,1,1,1,2.1076888046179385,1.8812139205814788
1,0,0,24.0,0,0,69.3,0,1,2,0,1,1,1,4.252771798816619,3.3966466888369915
1,0,1,25.0,1,0,55.4417,0,1,1,1,1,1,0,4.0332082470129285,3.2574377620574673
0,2,1,18.0,1,0,6.4958,2,3,1,1,0,0,0,2.0143428636837015,1.8068013923774138
0,2,1,19.0,0,0,8.05,2,3,1,1,0,0,1,2.2027647577118348,1.9562242515698263
0,0,1,22.0,0,0,135.6333,0,1,1,1,1,0,1,4.91730069488021,3.798059301919674
0,2,0,3.0,3,1,21.075,2,3,3,0,0,0,0,3.0944457464900235,2.6228224024692564
1,0,0,37.0,1,0,82.1708,0,1,2,0,1,1,0,4.420896324687287,3.5009922402714824
1,2,0,22.0,0,0,7.25,2,3,2,0,0,1,1,2.1102132003465894,1.883215700692515
0,0,1,27.0,0,2,211.5,0,1,1,1,1,0,0,5.358941988364472,4.049058823950961
0,2,1,20.0,0,0,4.0125,0,3,1,1,1,0,1,1.6119347926326877,1.477122215023071
0,2,1,19.0,0,0,7.775,2,3,1,1,0,0,1,2.1719067693519296,1.9319647182517203
1,0,0,42.0,0,0,227.525,0,1,2,0,1,1,1,5.4316456135398825,4.089222462227203
1,2,0,1.0,0,2,15.7417,0,3,3,0,1,1,0,2.817902613071225,2.423034992543191
0,2,1,32.0,0,0,7.925,2,3,1,1,0,0,1,2.188856327665703,1.9453000941564331
1,0,0,35.0,1,0,52.0,2,1,2,0,0,1,0,3.970291913552122,3.21692355414975
0,1,1,18.0,0,0,73.5,2,2,1,1,0,0,1,4.310799125385514,3.4328792936384778
0,2,1,1.0,5,2,46.9,2,3,3,0,0,0,0,3.8691155044168695,3.151181419547756
1,1,0,36.0,0,0,13.0,2,2,2,0,0,1,1,2.6390573296152584,2.2905552238882727
0,2,1,24.0,0,0,7.7292,1,3,1,1,2,0,1,2.1666737276227077,1.9278425014344516
1,1,0,17.0,0,0,12.0,0,2,2,0,1,1,1,2.5649493574615367,2.234891433403502
1,0,1,36.0,1,2,120.0,2,1,1,1,0,1,0,4.795790545596741,3.7268352443671295
1,2,1,21.0,0,0,7.7958,2,3,1,1,0,1,1,2.174274334826008,1.9338289379472668
0,2,1,28.0,2,0,7.925,2,3,1,1,0,0,0,2.188856327665703,1.9453000941564331
1,0,0,23.0,1,0,113.275,0,1,2,0,1,1,0,4.738607824217808,3.6929863575675443
1,2,0,24.0,0,2,16.7,2,3,2,0,0,1,0,2.8735646395797834,2.463737742145464
0,2,1,22.0,0,0,7.7958,2,3,1,1,0,0,1,2.174274334826008,1.9338289379472668
0,2,0,31.0,0,0,7.8542,2,3,2,0,0,0,1,2.180891922715322,1.93903704877462
0,1,1,46.0,0,0,26.0,2,2,1,1,0,0,1,3.295836866004329,2.7645396242206477
0,1,1,23.0,0,0,10.5,2,2,1,1,0,0,1,2.4423470353692043,2.1418006055672634
1,1,0,28.0,0,0,12.65,2,2,2,0,0,1,1,2.613739521630969,2.271589580749345
1,2,1,39.0,0,0,7.925,2,3,1,1,0,1,1,2.188856327665703,1.9453000941564331
0,2,1,26.0,0,0,8.05,2,3,1,1,0,0,1,2.2027647577118348,1.9562242515698263
0,2,0,21.0,1,0,9.825,2,3,2,0,0,0,0,2.3818582738885534,2.095407507298567
0,2,1,28.0,1,0,15.85,2,3,1,1,0,0,0,2.8243506567983707,2.427762883745839
0,2,0,20.0,0,0,8.6625,2,3,2,0,0,0,1,2.2682524139135403,2.0074365035447177
0,1,1,34.0,1,0,21.0,2,2,1,1,0,0,0,3.091042453358316,2.6204004582415186
0,2,1,51.0,0,0,7.75,2,3,1,1,0,0,1,2.169053700369523,1.9297175682817873
1,1,1,3.0,1,1,18.75,2,2,3,0,0,1,0,2.9831534913471307,2.543149751047009
0,2,1,21.0,0,0,7.775,2,3,1,1,0,0,1,2.1719067693519296,1.9319647182517203
0,2,1,24.0,0,0,6.8583,1,3,1,1,2,0,1,2.061570298060867,1.8445451433713353
1,0,0,33.0,1,0,90.0,1,1,2,0,2,1,0,4.51085950651685,3.556039923736847
1,2,1,44.0,0,0,7.925,2,3,1,1,0,1,1,2.188856327665703,1.9453000941564331
0,2,0,24.0,0,0,8.05,2,3,2,0,0,0,1,2.2027647577118348,1.9562242515698263
1,1,0,34.0,1,1,32.5,2,2,2,0,0,1,0,3.5115454388310208,2.9128901017075406
1,1,0,18.0,0,2,13.0,2,2,2,0,0,1,0,2.6390573296152584,2.2905552238882727
0,2,0,10.0,0,2,24.15,2,3,3,0,0,0,0,3.224857896545748,2.714950157062132
0,2,1,21.0,0,0,7.7333,1,3,1,1,2,0,1,2.167143305297764,1.9282124981249846
0,2,1,29.0,0,0,7.875,2,3,1,1,0,0,1,2.1832383353614797,1.940882789878909
0,2,0,28.0,1,1,14.4,2,3,2,0,0,0,0,2.7343675094195836,2.361480577738173
0,2,1,18.0,1,1,20.2125,2,3,1,1,0,0,0,3.0545906305603445,2.5944026805546554
1,1,0,28.0,1,0,26.0,2,2,2,0,0,1,0,3.295836866004329,2.7645396242206477
1,1,0,19.0,0,0,26.0,2,2,2,0,0,1,1,3.295836866004329,2.7645396242206477
1,2,1,32.0,0,0,8.05,2,3,1,1,0,1,1,2.2027647577118348,1.9562242515698263
1,0,1,28.0,0,0,26.55,2,1,1,1,0,1,1,3.3160025355989236,2.778557895881126
1,1,0,42.0,1,0,26.0,2,2,2,0,0,1,0,3.295836866004329,2.7645396242206477
0,2,1,17.0,0,0,7.125,2,3,1,1,0,0,1,2.094945728215801,1.8711005037997726
0,0,1,50.0,1,0,55.9,2,1,1,1,0,0,0,4.041295341132285,3.2626250425773367
1,0,0,14.0,1,2,120.0,2,1,3,0,0,1,0,4.795790545596741,3.7268352443671295
0,2,0,21.0,2,2,34.375,2,3,2,0,0,0,0,3.5660053559634015,2.9497909400864017
1,1,0,24.0,2,3,18.75,2,2,2,0,0,1,0,2.9831534913471307,2.543149751047009
0,0,1,64.0,1,4,263.0,2,1,1,1,0,0,0,5.575949103146316,4.167994881161111
0,1,1,31.0,0,0,10.5,2,2,1,1,0,0,1,2.4423470353692043,2.1418006055672634
1,1,0,45.0,1,1,26.25,2,2,2,0,0,1,0,3.305053521109253,2.7709504887320797
0,2,1,20.0,0,0,9.5,2,3,1,1,0,0,1,2.3513752571634776,2.0719107020982
0,2,1,25.0,1,0,7.775,2,3,1,1,0,0,0,2.1719067693519296,1.9319647182517203
1,1,0,28.0,0,0,13.0,2,2,2,0,0,1,1,2.6390573296152584,2.2905552238882727
1,2,1,24.0,0,0,8.1125,2,3,1,1,0,1,1,2.2096470973347766,1.9616236992442413
1,0,1,4.0,0,2,81.8583,2,1,3,0,0,1,0,4.417131919904876,3.498676939623579
1,1,0,13.0,0,1,19.5,2,2,3,0,0,1,0,3.0204248861443626,2.569940539317954
1,0,1,34.0,0,0,26.55,2,1,1,1,0,1,1,3.3160025355989236,2.778557895881126
1,2,0,5.0,2,1,19.2583,0,3,3,0,1,1,0,3.0085645861193133,2.5614272317108684
1,0,1,52.0,0,0,30.5,2,1,1,1,0,1,1,3.449987545831587,2.8709128334804723
0,1,1,36.0,1,2,27.75,2,2,1,1,0,0,0,3.3586377672433594,2.8080938369947166
0,2,1,24.0,1,0,19.9667,2,3,1,1,0,0,0,3.0429354648621407,2.5860680920721917
0,0,1,30.0,0,0,27.75,0,1,1,1,1,0,1,3.3586377672433594,2.8080938369947166
1,0,1,49.0,1,0,89.1042,0,1,1,1,1,1,0,4.500966778400217,3.550013271279044
1,2,1,29.0,0,0,7.8958,0,3,1,1,1,1,1,2.1855792552411137,1.9427237356264735
0,0,1,65.0,0,0,26.55,2,1,1,1,0,0,1,3.3160025355989236,2.778557895881126
1,0,0,37.0,1,0,51.8625,2,1,2,0,0,1,0,3.967694202798607,3.21524475545759
1,1,0,50.0,0,0,10.5,2,2,2,0,0,1,1,2.4423470353692043,2.1418006055672634
1,0,1,48.0,0,0,26.55,2,1,1,1,0,1,1,3.3160025355989236,2.778557895881126
0,2,1,34.0,0,0,8.05,2,3,1,1,0,0,1,2.2027647577118348,1.9562242515698263
0,0,1,47.0,0,0,38.5,2,1,1,1,0,0,1,3.676300671907076,3.023850870376735
0,1,1,48.0,0,0,13.0,2,2,1,1,0,0,1,2.6390573296152584,2.2905552238882727
0,2,1,38.0,0,0,7.05,2,3,1,1,0,0,1,2.0856720914304723,1.8637316568815194
0,0,1,56.0,0,0,26.55,2,1,1,1,0,0,1,3.3160025355989236,2.778557895881126
0,2,1,24.0,0,0,7.725,1,3,1,1,2,0,1,2.1661924680884908,1.9274632803685339
1,2,0,0.75,2,1,19.2583,0,3,3,0,1,1,0,3.0085645861193133,2.5614272317108684
0,2,1,38.0,0,0,8.6625,2,3,1,1,0,0,1,2.2682524139135403,2.0074365035447177
1,1,0,33.0,1,2,27.75,2,2,2,0,0,1,0,3.3586377672433594,2.8080938369947166
1,1,0,23.0,0,0,13.7917,0,2,2,0,1,1,1,2.694066212646058,2.331580950866961
0,2,0,22.0,0,0,9.8375,2,3,2,0,0,0,1,2.3830123421066602,2.0962955350228314
0,0,1,37.0,0,0,52.0,2,1,1,1,0,0,1,3.970291913552122,3.21692355414975
0,2,1,29.0,1,0,7.0458,2,3,1,1,0,0,0,2.0851502161468174,1.8633167504947554
0,2,1,22.0,0,0,7.5208,2,3,1,1,0,0,1,2.142510233146819,1.9087774225012086
1,2,0,2.0,0,1,12.2875,2,3,3,0,0,1,0,2.586823743668066,2.2513688901669098
0,2,1,9.0,5,2,46.9,2,3,3,0,0,0,0,3.8691155044168695,3.151181419547756
0,2,1,50.0,0,0,8.05,2,3,1,1,0,0,1,2.2027647577118348,1.9562242515698263
1,2,0,63.0,0,0,9.5875,2,3,2,0,0,1,1,2.3596740599781727,2.0783153606396048
1,0,1,25.0,1,0,91.0792,0,1,1,1,1,1,0,4.5226490762785785,3.5632135736097426
1,0,0,35.0,1,0,90.0,2,1,2,0,0,1,0,4.51085950651685,3.556039923736847
0,0,1,58.0,0,0,29.7,0,1,1,1,1,0,1,3.4242626545931514,2.8532862571895845
1,2,1,9.0,1,1,15.9,2,3,3,0,0,1,0,2.8273136219290276,2.4299342908752446
0,2,1,21.0,0,0,7.25,2,3,1,1,0,0,1,2.1102132003465894,1.883215700692515
0,0,1,55.0,0,0,30.5,2,1,1,1,0,0,1,3.449987545831587,2.8709128334804723
0,0,1,71.0,0,0,49.5042,0,1,1,1,1,0,1,3.922056501139853,3.18567252295464
0,2,1,24.0,0,0,14.4583,0,3,1,1,1,0,1,2.738146075922933,2.3642771152879596
1,0,0,54.0,1,0,78.2667,0,1,2,0,1,1,0,4.37281811610993,3.471349506387109
0,2,1,24.0,0,0,15.1,2,3,1,1,0,0,1,2.7788192719904172,2.3943060932260876
0,0,0,25.0,1,2,151.55,2,1,2,0,0,0,0,5.027492411162679,3.8618310797717506
0,2,1,24.0,0,0,7.7958,2,3,1,1,0,0,1,2.174274334826008,1.9338289379472668
0,2,0,21.0,0,0,7.75,1,3,2,0,2,0,1,2.169053700369523,1.9297175682817873
0,2,0,24.0,0,0,7.6292,1,3,2,0,2,0,1,2.155151800914312,1.9187579823276877
0,2,0,37.0,0,0,9.5875,2,3,2,0,0,0,1,2.3596740599781727,2.0783153606396048
1,0,0,16.0,0,0,86.5,2,1,2,0,0,1,1,4.471638793363569,3.532108069443433
0,0,1,18.0,1,0,108.9,0,1,1,1,1,0,0,4.699570861409576,3.669756136861416
1,1,0,33.0,0,2,26.0,2,2,2,0,0,1,0,3.295836866004329,2.7645396242206477
1,0,1,37.0,0,0,26.55,2,1,1,1,0,1,1,3.3160025355989236,2.778557895881126
0,2,1,28.0,0,0,22.525,2,3,1,1,0,0,1,3.1580636854714434,2.667929461624061
1,2,1,26.0,0,0,56.4958,2,3,1,1,0,1,1,4.05171190165724,3.2692997101951935
1,2,1,29.0,0,0,7.75,1,3,1,1,2,1,1,2.169053700369523,1.9297175682817873
1,0,1,36.0,0,0,26.2875,2,1,1,1,0,1,1,3.3064287218760624,2.7719064853864426
1,0,0,54.0,1,0,59.4,0,1,2,0,1,1,0,4.100989104940769,3.300771839421419
0,2,1,24.0,0,0,7.4958,2,3,1,1,0,0,1,2.139571923732859,1.9064556291084376
0,0,1,47.0,0,0,34.0208,2,1,1,1,0,0,1,3.5559421706858756,2.942988985626819
1,1,0,34.0,0,0,10.5,2,2,2,0,0,1,1,2.4423470353692043,2.1418006055672634
0,2,1,24.0,0,0,24.15,1,3,1,1,2,0,1,3.224857896545748,2.714950157062132
1,1,0,36.0,1,0,26.0,2,2,2,0,0,1,0,3.295836866004329,2.7645396242206477
0,2,1,32.0,0,0,7.8958,2,3,1,1,0,0,1,2.1855792552411137,1.9427237356264735
1,0,0,30.0,0,0,93.5,2,1,2,0,0,1,1,4.548599834499697,3.578971206982373
1,0,0,44.0,0,1,57.9792,0,1,2,0,1,1,0,4.077184839375167,3.2855899419710974
0,2,1,24.0,0,0,7.2292,0,3,1,1,1,0,1,2.1076888046179385,1.8812139205814788
0,2,1,40.5,0,0,7.75,1,3,1,1,2,0,1,2.169053700369523,1.9297175682817873
0,0,1,37.0,0,0,221.7792,2,1,1,1,0,0,1,5.406181146423973,4.075191666883744
0,2,1,39.0,0,0,7.925,2,3,1,1,0,0,1,2.188856327665703,1.9453000941564331
0,1,1,23.0,2,1,11.5,2,2,1,1,0,0,0,2.5257286443082556,2.20524795050654
1,1,0,2.0,1,1,26.0,2,2,3,0,0,1,0,3.295836866004329,2.7645396242206477
0,2,1,17.0,1,1,7.2292,0,3,1,1,1,0,0,2.1076888046179385,1.8812139205814788
1,2,0,24.0,0,2,22.3583,0,3,2,0,1,1,0,3.1509523813392697,2.662902984828209
0,2,0,30.0,0,0,8.6625,2,3,2,0,0,0,1,2.2682524139135403,2.0074365035447177
1,1,0,7.0,0,2,26.25,2,2,3,0,0,1,0,3.305053521109253,2.7709504887320797
0,0,1,45.0,0,0,26.55,2,1,1,1,0,0,1,3.3160025355989236,2.778557895881126
1,0,0,30.0,0,0,106.425,0,1,2,0,1,1,1,4.676792929661059,3.656155232727553
0,2,1,24.0,0,0,14.5,2,3,1,1,0,0,1,2.740840023925201,2.3662702112144007
1,0,0,22.0,0,2,49.5,0,1,2,0,1,1,0,3.9219733362813143,3.185618498331136
1,0,0,36.0,0,2,71.0,2,1,2,0,0,1,0,4.276666119016055,3.411594455170718
0,2,0,9.0,4,2,31.275,2,3,3,0,0,0,0,3.4742929367327062,2.8875210149241997
0,2,0,11.0,4,2,31.275,2,3,3,0,0,0,0,3.4742929367327062,2.8875210149241997
1,1,1,32.0,1,0,26.0,2,2,1,1,0,1,0,3.295836866004329,2.7645396242206477
0,0,1,50.0,1,0,106.425,0,1,1,1,1,0,0,4.676792929661059,3.656155232727553
0,0,1,64.0,0,0,26.0,2,1,1,1,0,0,1,3.295836866004329,2.7645396242206477
1,1,0,19.0,1,0,26.0,2,2,2,0,0,1,0,3.295836866004329,2.7645396242206477
1,1,1,29.0,0,0,13.8625,0,2,1,1,1,1,1,2.6988412620169004,2.3351304966192084
0,2,1,33.0,1,1,20.525,2,3,1,1,0,0,0,3.0692150503137943,2.6048454743946965
1,1,1,8.0,1,1,36.75,2,2,3,0,0,1,0,3.6309854756950335,2.9935317997202637
1,0,1,17.0,0,2,110.8833,0,1,1,1,1,1,0,4.717456363787216,3.6804118710867897
0,1,1,27.0,0,0,26.0,2,2,1,1,0,0,1,3.295836866004329,2.7645396242206477
0,2,1,24.0,0,0,7.8292,1,3,1,1,2,0,1,2.17806441028492,1.9368122307639888
1,2,1,22.0,0,0,7.225,0,3,1,1,1,1,1,2.1071782966514356,1.880809033479897
1,2,0,22.0,0,0,7.775,2,3,2,0,0,1,1,2.1719067693519296,1.9319647182517203
0,0,1,62.0,0,0,26.55,2,1,1,1,0,0,1,3.3160025355989236,2.778557895881126
1,0,0,48.0,1,0,39.6,0,1,2,0,1,1,0,3.703768066607687,3.0421550746063946
0,0,1,37.0,0,0,227.525,0,1,1,1,1,0,1,5.4316456135398825,4.089222462227203
1,0,0,39.0,1,1,79.65,2,1,2,0,0,1,0,4.390118804571218,3.482034346272427
1,2,0,36.0,1,0,17.4,2,3,2,0,0,1,0,2.91235066461494,2.4919529884667906
0,2,1,40.0,0,0,7.8958,2,3,1,1,0,0,1,2.1855792552411137,1.9427237356264735
0,1,1,28.0,0,0,13.5,2,2,1,1,0,0,1,2.6741486494265287,2.3167550544759803
0,2,1,24.0,2,0,24.15,2,3,1,1,0,0,0,3.224857896545748,2.714950157062132
0,2,1,19.0,0,0,7.8958,2,3,1,1,0,0,1,2.1855792552411137,1.9427237356264735
0,2,0,29.0,0,4,21.075,2,3,2,0,0,0,0,3.0944457464900235,2.6228224024692564
1,2,1,32.0,0,0,7.8542,2,3,1,1,0,1,1,2.180891922715322,1.93903704877462
1,1,1,62.0,0,0,10.5,2,2,1,1,0,1,1,2.4423470353692043,2.1418006055672634
1,0,0,53.0,2,0,51.4792,2,1,2,0,0,1,0,3.960416900617205,3.2105391652276625
1,0,1,36.0,0,0,26.3875,2,1,1,1,0,1,1,3.3100867049215847,2.774448697266571
0,2,1,16.0,0,0,8.05,2,3,1,1,0,0,1,2.2027647577118348,1.9562242515698263
0,2,1,19.0,0,0,14.5,2,3,1,1,0,0,1,2.740840023925201,2.3662702112144007
1,1,0,34.0,0,0,13.0,2,2,2,0,0,1,1,2.6390573296152584,2.2905552238882727
1,0,0,39.0,1,0,55.9,2,1,2,0,0,1,0,4.041295341132285,3.2626250425773367
0,2,0,24.0,1,0,14.4583,0,3,2,0,1,0,0,2.738146075922933,2.3642771152879596
1,2,1,32.0,0,0,7.925,2,3,1,1,0,1,1,2.188856327665703,1.9453000941564331
1,1,0,25.0,1,1,30.0,2,2,2,0,0,1,0,3.4339872044851463,2.8599553376514835
1,0,0,39.0,1,1,110.8833,0,1,2,0,1,1,0,4.717456363787216,3.6804118710867897
0,1,1,54.0,0,0,26.0,2,2,1,1,0,0,1,3.295836866004329,2.7645396242206477
0,0,1,36.0,0,0,40.125,0,1,1,1,1,0,1,3.716616209085536,3.0506980803148167
0,2,1,24.0,0,0,8.7125,0,3,1,1,1,0,1,2.2734137156937657,2.0114570525021946
1,0,0,18.0,0,2,79.65,2,1,2,0,0,1,0,4.390118804571218,3.482034346272427
0,1,1,47.0,0,0,15.0,2,2,1,1,0,0,1,2.772588722239781,2.389714793645113
1,0,1,60.0,1,1,79.2,0,1,1,1,1,1,0,4.384523514872469,3.478580940761489
0,2,1,35.0,0,0,7.125,2,3,1,1,0,0,1,2.094945728215801,1.8711005037997726
1,0,0,52.0,1,0,78.2667,0,1,2,0,1,1,0,4.37281811610993,3.471349506387109
0,2,1,47.0,0,0,7.25,2,3,1,1,0,0,1,2.1102132003465894,1.883215700692515
0,2,0,24.0,0,2,7.75,1,3,2,0,2,0,0,2.169053700369523,1.9297175682817873
0,1,1,37.0,1,0,26.0,2,2,1,1,0,0,0,3.295836866004329,2.7645396242206477
0,2,1,36.0,1,1,24.15,2,3,1,1,0,0,0,3.224857896545748,2.714950157062132
1,1,0,29.0,0,0,33.0,2,2,2,0,0,1,1,3.5263605246161616,2.9229503734127955
0,2,1,49.0,0,0,0.0,2,3,1,1,0,0,1,0.0,0.0
1,0,1,49.0,1,0,56.9292,0,1,1,1,1,1,0,4.0592215752427645,3.2741069766870656
1,1,0,24.0,2,1,27.0,2,2,2,0,0,1,0,3.332204510175204,2.7897982793798195
0,0,1,37.0,0,0,42.4,2,1,1,1,0,0,1,3.770459441106359,3.0863685809291033
0,2,1,44.0,0,0,8.05,2,3,1,1,0,0,1,2.2027647577118348,1.9562242515698263
1,0,1,35.0,0,0,26.55,0,1,1,1,1,1,1,3.3160025355989236,2.778557895881126
0,2,1,36.0,1,0,15.55,2,3,1,1,0,0,0,2.806386101823072,2.414582407975314
0,2,1,30.0,0,0,7.8958,2,3,1,1,0,0,1,2.1855792552411137,1.9427237356264735
1,0,1,27.0,0,0,30.5,2,1,1,1,0,1,1,3.449987545831587,2.8709128334804723
1,1,0,22.0,1,2,41.5792,0,2,2,0,1,1,0,3.7513658711253766,3.0737434846409677
1,0,0,40.0,0,0,153.4625,2,1,2,0,0,1,1,5.039951348430309,3.8689929845677504
0,2,0,39.0,1,5,31.275,2,3,2,0,0,0,0,3.4742929367327062,2.8875210149241997
0,2,1,24.0,0,0,7.05,2,3,1,1,0,0,1,2.0856720914304723,1.8637316568815194
1,1,0,24.0,1,2,65.0,2,2,2,0,0,1,0,4.189654742026425,3.356972568947542
0,2,1,34.0,1,1,14.4,2,3,1,1,0,0,0,2.7343675094195836,2.361480577738173
0,2,0,26.0,1,0,16.1,2,3,2,0,0,0,0,2.8390784635086144,2.438549167642342
1,1,0,4.0,2,1,39.0,2,2,3,0,0,1,0,3.6888794541139363,3.03224020377158
0,1,1,26.0,0,0,10.5,2,2,1,1,0,0,1,2.4423470353692043,2.1418006055672634
0,2,1,27.0,1,0,14.4542,0,3,1,1,1,0,0,2.737880811060884,2.36408082925627
1,0,1,42.0,1,0,52.5542,2,1,1,1,0,1,0,3.9806942251907276,3.223641356439257
1,2,1,20.0,1,1,15.7417,0,3,1,1,1,1,0,2.817902613071225,2.423034992543191
0,2,1,21.0,0,0,7.8542,2,3,1,1,0,0,1,2.180891922715322,1.93903704877462
0,2,1,21.0,0,0,16.1,2,3,1,1,0,0,1,2.8390784635086144,2.438549167642342
0,0,1,61.0,0,0,32.3208,2,1,1,1,0,0,1,3.5061818266142577,2.9092438653220434
0,1,1,57.0,0,0,12.35,1,2,1,1,2,0,1,2.5915163848462583,2.2548985838782407
1,0,0,21.0,0,0,77.9583,2,1,2,0,0,1,1,4.368919865004903,3.4689391531100418
0,2,1,26.0,0,0,7.8958,2,3,1,1,0,0,1,2.1855792552411137,1.9427237356264735
0,2,1,24.0,0,0,7.7333,1,3,1,1,2,0,1,2.167143305297764,1.9282124981249846
1,0,1,80.0,0,0,30.0,2,1,1,1,0,1,1,3.4339872044851463,2.8599553376514835
0,2,1,51.0,0,0,7.0542,2,3,1,1,0,0,1,2.086193694502369,1.8641463230549375
1,0,1,32.0,0,0,30.5,0,1,1,1,1,1,1,3.449987545831587,2.8709128334804723
0,0,1,37.0,0,0,0.0,2,1,1,1,0,0,1,0.0,0.0
0,2,0,9.0,3,2,27.9,2,3,3,0,0,0,0,3.3638415951183864,2.8116893604126076
0,1,1,31.0,1,1,26.25,2,2,1,1,0,0,0,3.305053521109253,2.7709504887320797
0,2,0,41.0,0,5,39.6875,2,3,2,0,0,0,0,3.705920919968788,3.043587395129805
0,2,1,24.0,1,0,16.1,2,3,1,1,0,0,0,2.8390784635086144,2.438549167642342
0,2,0,2.0,3,2,27.9,2,3,3,0,0,0,0,3.3638415951183864,2.8116893604126076
1,2,1,24.0,0,0,56.4958,2,3,1,1,0,1,1,4.05171190165724,3.2692997101951935
1,0,1,48.0,1,0,76.7292,0,1,1,1,1,1,0,4.353230991152628,3.4592280059954206
1,0,1,56.0,0,0,35.5,0,1,1,1,1,1,1,3.597312260588446,2.9709039661441774
0,2,1,24.0,0,0,7.55,2,3,1,1,0,0,1,2.145931282948669,1.9114797224535416
1,2,0,23.0,0,0,7.55,2,3,2,0,0,1,1,2.145931282948669,1.9114797224535416
1,1,0,18.0,0,1,23.0,2,2,2,0,0,1,0,3.1780538303479458,2.68203803664708
0,2,1,21.0,0,0,8.4333,2,3,1,1,0,0,1,2.2442459824059346,1.9887059558212026
1,2,0,24.0,0,0,7.8292,1,3,2,0,2,1,1,2.17806441028492,1.9368122307639888
0,2,0,18.0,0,0,6.75,1,3,2,0,2,0,1,2.0476928433652555,1.8334747375709632
0,1,1,24.0,2,0,73.5,2,2,1,1,0,0,0,4.310799125385514,3.4328792936384778
0,2,0,32.0,1,1,15.5,1,3,2,0,2,0,0,2.803360380906535,2.412359892682302
0,1,1,23.0,0,0,13.0,2,2,1,1,0,0,1,2.6390573296152584,2.2905552238882727
0,0,1,58.0,0,2,113.275,0,1,1,1,1,0,0,4.738607824217808,3.6929863575675443
1,0,1,50.0,2,0,133.65,2,1,1,1,0,1,0,4.902678819257608,3.7895388796348666
0,2,1,40.0,0,0,7.225,0,3,1,1,1,0,1,2.1071782966514356,1.880809033479897
0,0,1,47.0,0,0,25.5875,2,1,1,1,0,0,1,3.2804411805263554,2.753816281877095
0,2,1,36.0,0,0,7.4958,2,3,1,1,0,0,1,2.139571923732859,1.9064556291084376
1,2,1,20.0,1,0,7.925,2,3,1,1,0,1,0,2.188856327665703,1.9453000941564331
0,1,1,32.0,2,0,73.5,2,2,1,1,0,0,0,4.310799125385514,3.4328792936384778
0,2,1,24.0,0,0,7.775,2,3,1,1,0,0,1,2.1719067693519296,1.9319647182517203
0,2,1,43.0,0,0,8.05,2,3,1,1,0,0,1,2.2027647577118348,1.9562242515698263
1,0,0,37.0,1,0,52.0,2,1,2,0,0,1,0,3.970291913552122,3.21692355414975
1,1,0,40.0,1,1,39.0,2,2,2,0,0,1,0,3.6888794541139363,3.03224020377158
0,0,1,31.0,1,0,52.0,2,1,1,1,0,0,0,3.970291913552122,3.21692355414975
0,1,1,70.0,0,0,10.5,2,2,1,1,0,0,1,2.4423470353692043,2.1418006055672634
1,1,1,31.0,0,0,13.0,2,2,1,1,0,1,1,2.6390573296152584,2.2905552238882727
0,2,1,18.0,0,0,7.775,2,3,1,1,0,0,1,2.1719067693519296,1.9319647182517203
0,2,1,24.5,0,0,8.05,2,3,1,1,0,0,1,2.2027647577118348,1.9562242515698263
1,2,0,18.0,0,0,9.8417,2,3,2,0,0,1,1,2.3833998102837652,2.096593657186488
0,2,0,43.0,1,6,46.9,2,3,2,0,0,0,0,3.8691155044168695,3.151181419547756
1,0,1,36.0,0,1,512.3292,0,1,1,1,1,1,0,6.240917354759096,4.515260444650866
0,2,0,24.0,0,0,8.1375,1,3,2,0,2,0,1,2.212386825075897,1.9637719789227712
1,0,1,27.0,0,0,76.7292,0,1,1,1,1,1,1,4.353230991152628,3.4592280059954206
0,2,1,20.0,0,0,9.225,2,3,1,1,0,0,1,2.3248357019288655,2.0513893297835324
0,2,1,14.0,5,2,46.9,2,3,3,0,0,0,0,3.8691155044168695,3.151181419547756
0,1,1,60.0,1,1,39.0,2,2,1,1,0,0,0,3.6888794541139363,3.03224020377158
0,1,1,25.0,1,2,41.5792,0,2,1,1,1,0,0,3.7513658711253766,3.0737434846409677
0,2,1,14.0,4,1,39.6875,2,3,3,0,0,0,0,3.705920919968788,3.043587395129805
0,2,1,19.0,0,0,10.1708,2,3,1,1,0,0,1,2.4133032309283076,2.1195633833694987
0,2,1,18.0,0,0,7.7958,2,3,1,1,0,0,1,2.174274334826008,1.9338289379472668
1,0,0,15.0,0,1,211.3375,2,1,3,0,0,1,0,5.35817698994543,4.048634506300083
1,0,1,31.0,1,0,57.0,2,1,1,1,0,1,0,4.060443010546419,3.2748884948194448
1,2,0,4.0,0,1,13.4167,0,3,3,0,1,1,0,2.668387256845834,2.3124604273160854
0,2,1,25.0,0,0,7.225,0,3,1,1,1,0,1,2.1071782966514356,1.880809033479897
0,0,1,60.0,0,0,26.55,2,1,1,1,0,0,1,3.3160025355989236,2.778557895881126
0,1,1,52.0,0,0,13.5,2,2,1,1,0,0,1,2.6741486494265287,2.3167550544759803
1,2,0,24.0,0,0,7.7333,1,3,2,0,2,1,1,2.167143305297764,1.9282124981249846
0,0,1,49.0,1,1,110.8833,0,1,1,1,1,0,0,4.717456363787216,3.6804118710867897
0,2,1,42.0,0,0,7.65,2,3,1,1,0,0,1,2.157559320943788,1.920657154794513
1,0,0,18.0,1,0,227.525,0,1,2,0,1,1,0,5.4316456135398825,4.089222462227203
1,0,1,35.0,0,0,26.2875,2,1,1,1,0,1,1,3.3064287218760624,2.7719064853864426
0,2,0,18.0,0,1,14.4542,0,3,2,0,1,0,0,2.737880811060884,2.36408082925627
0,2,1,25.0,0,0,7.7417,1,3,1,1,2,0,1,2.1681046787623672,1.9289699383270318
0,2,1,26.0,1,0,7.8542,2,3,1,1,0,0,0,2.180891922715322,1.93903704877462
0,1,1,39.0,0,0,26.0,2,2,1,1,0,0,1,3.295836866004329,2.7645396242206477
1,1,0,45.0,0,0,13.5,2,2,2,0,0,1,1,2.6741486494265287,2.3167550544759803
1,0,1,42.0,0,0,26.2875,2,1,1,1,0,1,1,3.3064287218760624,2.7719064853864426
1,0,0,22.0,0,0,151.55,2,1,2,0,0,1,1,5.027492411162679,3.8618310797717506
1,0,0,24.0,0,0,49.5042,0,1,2,0,1,1,1,3.922056501139853,3.18567252295464
0,0,1,37.0,0,0,26.55,2,1,1,1,0,0,1,3.3160025355989236,2.778557895881126
1,0,1,48.0,1,0,52.0,2,1,1,1,0,1,0,3.970291913552122,3.21692355414975
0,2,1,29.0,0,0,9.4833,2,3,1,1,0,0,1,2.3497835148230464,2.0706815955945586
0,1,1,52.0,0,0,13.0,2,2,1,1,0,0,1,2.6390573296152584,2.2905552238882727
0,2,1,19.0,0,0,7.65,2,3,1,1,0,0,1,2.157559320943788,1.920657154794513
1,0,0,38.0,0,0,227.525,0,1,2,0,1,1,1,5.4316456135398825,4.089222462227203
1,1,0,27.0,0,0,10.5,2,2,2,0,0,1,1,2.4423470353692043,2.1418006055672634
0,2,1,24.0,0,0,15.5,1,3,1,1,2,0,1,2.803360380906535,2.412359892682302
0,2,1,33.0,0,0,7.775,2,3,1,1,0,0,1,2.1719067693519296,1.9319647182517203
1,1,0,6.0,0,1,33.0,2,2,3,0,0,1,0,3.5263605246161616,2.9229503734127955
0,2,1,17.0,1,0,7.0542,2,3,1,1,0,0,0,2.086193694502369,1.8641463230549375
0,1,1,34.0,0,0,13.0,2,2,1,1,0,0,1,2.6390573296152584,2.2905552238882727
0,1,1,50.0,0,0,13.0,2,2,1,1,0,0,1,2.6390573296152584,2.2905552238882727
1,0,1,27.0,1,0,53.1,2,1,1,1,0,1,0,3.9908341858524357,3.2301823390039366
0,2,1,20.0,0,0,8.6625,2,3,1,1,0,0,1,2.2682524139135403,2.0074365035447177
1,1,0,30.0,3,0,21.0,2,2,2,0,0,1,0,3.091042453358316,2.6204004582415186
1,2,0,24.0,0,0,7.7375,1,3,2,0,2,1,1,2.1676241075599285,1.928591319260531
0,1,1,25.0,1,0,26.0,2,2,1,1,0,0,0,3.295836866004329,2.7645396242206477
0,2,0,25.0,1,0,7.925,2,3,2,0,0,0,0,2.188856327665703,1.9453000941564331
1,0,0,29.0,0,0,211.3375,2,1,2,0,0,1,1,5.35817698994543,4.048634506300083
0,2,1,11.0,0,0,18.7875,0,3,3,0,1,0,1,2.9850504252071306,2.5445159269518127
0,2,1,28.5,0,0,16.1,2,3,1,1,0,0,1,2.8390784635086144,2.438549167642342
0,2,0,48.0,1,3,34.375,2,3,2,0,0,0,0,3.5660053559634015,2.9497909400864017
1,0,1,35.0,0,0,512.3292,0,1,1,1,1,1,1,6.240917354759096,4.515260444650866
1,0,1,37.0,0,0,30.0,2,1,1,1,0,1,1,3.4339872044851463,2.8599553376514835
0,0,1,36.0,1,0,78.85,2,1,1,1,0,0,0,4.380149874661021,3.475880055399015
1,0,0,21.0,2,2,262.375,0,1,2,0,1,1,0,5.5735788721243535,4.1667110925708615
0,2,1,24.0,1,0,16.1,2,3,1,1,0,0,0,2.8390784635086144,2.438549167642342
1,2,1,31.0,0,0,7.925,2,3,1,1,0,1,1,2.188856327665703,1.9453000941564331
0,0,1,70.0,1,1,71.0,2,1,1,1,0,0,0,4.276666119016055,3.411594455170718
0,2,1,16.0,1,1,20.25,2,3,1,1,0,0,0,3.056356895370426,2.5956648013925827
1,1,0,30.0,0,0,13.0,2,2,2,0,0,1,1,2.6390573296152584,2.2905552238882727
0,0,1,19.0,1,0,53.1,2,1,1,1,0,0,0,3.9908341858524357,3.2301823390039366
0,2,1,31.0,0,0,7.75,1,3,1,1,2,0,1,2.169053700369523,1.9297175682817873
1,1,0,4.0,1,1,23.0,2,2,3,0,0,1,0,3.1780538303479458,2.68203803664708
1,2,1,6.0,0,1,12.475,2,3,3,0,0,1,0,2.600836116795061,2.2619032660702967
0,2,1,33.0,0,0,9.5,2,3,1,1,0,0,1,2.3513752571634776,2.0719107020982
0,2,1,23.0,0,0,7.8958,2,3,1,1,0,0,1,2.1855792552411137,1.9427237356264735
1,1,0,48.0,1,2,65.0,2,2,2,0,0,1,0,4.189654742026425,3.356972568947542
1,1,1,0.67,1,1,14.5,2,2,3,0,0,1,0,2.740840023925201,2.3662702112144007
0,2,1,28.0,0,0,7.7958,2,3,1,1,0,0,1,2.174274334826008,1.9338289379472668
1,0,0,33.0,0,0,86.5,2,1,2,0,0,1,1,4.471638793363569,3.532108069443433
0,2,1,41.0,0,0,7.125,2,3,1,1,0,0,1,2.094945728215801,1.8711005037997726
1,2,1,20.0,0,0,7.2292,0,3,1,1,1,1,1,2.1076888046179385,1.8812139205814788
1,0,0,36.0,1,2,120.0,2,1,2,0,0,1,0,4.795790545596741,3.7268352443671295
0,2,1,16.0,0,0,7.775,2,3,1,1,0,0,1,2.1719067693519296,1.9319647182517203
1,0,0,51.0,1,0,77.9583,2,1,2,0,0,1,0,4.368919865004903,3.4689391531100418
0,0,1,37.0,0,0,39.6,0,1,1,1,1,0,1,3.703768066607687,3.0421550746063946
0,2,0,30.5,0,0,7.75,1,3,2,0,2,0,1,2.169053700369523,1.9297175682817873
0,2,1,24.0,1,0,24.15,1,3,1,1,2,0,0,3.224857896545748,2.714950157062132
0,2,1,32.0,0,0,8.3625,2,3,1,1,0,0,1,2.236712348843338,1.9828177828987001
0,2,1,24.0,0,0,9.5,2,3,1,1,0,0,1,2.3513752571634776,2.0719107020982
0,2,1,48.0,0,0,7.8542,2,3,1,1,0,0,1,2.180891922715322,1.93903704877462
0,1,0,57.0,0,0,10.5,2,2,2,0,0,0,1,2.4423470353692043,2.1418006055672634
1,1,0,54.0,1,3,23.0,2,2,2,0,0,1,0,3.1780538303479458,2.68203803664708
0,2,1,18.0,0,0,7.75,2,3,1,1,0,0,1,2.169053700369523,1.9297175682817873
0,2,1,24.0,0,0,7.75,1,3,1,1,2,0,1,2.169053700369523,1.9297175682817873
1,2,0,5.0,0,0,12.475,2,3,3,0,0,1,1,2.600836116795061,2.2619032660702967
0,2,1,24.0,0,0,7.7375,1,3,1,1,2,0,1,2.1676241075599285,1.928591319260531
1,0,0,43.0,0,1,211.3375,2,1,2,0,0,1,0,5.35817698994543,4.048634506300083
1,2,0,13.0,0,0,7.2292,0,3,3,0,1,1,1,2.1076888046179385,1.8812139205814788
1,0,0,17.0,1,0,57.0,2,1,2,0,0,1,0,4.060443010546419,3.2748884948194448
0,0,1,29.0,0,0,30.0,2,1,1,1,0,0,1,3.4339872044851463,2.8599553376514835
0,2,1,24.0,1,2,23.45,2,3,1,1,0,0,0,3.196630215920881,2.6951210349686443
0,2,1,25.0,0,0,7.05,2,3,1,1,0,0,1,2.0856720914304723,1.8637316568815194
0,2,1,25.0,0,0,7.25,2,3,1,1,0,0,1,2.1102132003465894,1.883215700692515
1,2,0,18.0,0,0,7.4958,2,3,2,0,0,1,1,2.139571923732859,1.9064556291084376
0,2,1,8.0,4,1,29.125,1,3,3,0,2,0,0,3.405355391810819,2.840299252028104
1,2,1,1.0,1,2,20.575,2,3,3,0,0,1,0,3.0715352369694915,2.606500696325152
0,0,1,46.0,0,0,79.2,0,1,1,1,1,0,1,4.384523514872469,3.478580940761489
0,1,1,16.0,0,0,26.0,2,2,1,1,0,0,1,3.295836866004329,2.7645396242206477
0,0,1,37.0,0,0,30.6958,0,1,1,1,1,0,1,3.4561841799918147,2.875151289871443
0,2,1,25.0,0,0,7.8958,2,3,1,1,0,0,1,2.1855792552411137,1.9427237356264735
0,1,1,39.0,0,0,13.0,2,2,1,1,0,0,1,2.6390573296152584,2.2905552238882727
1,0,0,49.0,0,0,25.9292,2,1,2,0,0,1,1,3.2932111997353943,2.7627120895946247
1,2,0,31.0,0,0,8.6833,2,3,2,0,0,1,1,2.270402752283094,2.0091118507122188
0,2,1,30.0,0,0,7.2292,0,3,1,1,1,0,1,2.1076888046179385,1.8812139205814788
0,2,0,30.0,1,1,24.15,2,3,2,0,0,0,0,3.224857896545748,2.714950157062132
1,1,0,31.0,1,1,26.25,2,2,2,0,0,1,0,3.305053521109253,2.7709504887320797
1,0,1,11.0,1,2,120.0,2,1,3,0,0,1,0,4.795790545596741,3.7268352443671295
1,2,1,0.42,0,1,8.5167,0,3,3,0,1,1,0,2.2530481500547457,1.9955794178390807
1,2,1,27.0,0,0,6.975,2,3,1,1,0,1,1,2.076311648670908,1.8562862076955402
0,2,1,31.0,0,0,7.775,2,3,1,1,0,0,1,2.1719067693519296,1.9319647182517203
0,0,1,39.0,0,0,0.0,2,1,1,1,0,0,1,0.0,0.0
0,2,0,18.0,0,0,7.775,2,3,2,0,0,0,1,2.1719067693519296,1.9319647182517203
1,0,0,33.0,1,0,53.1,2,1,2,0,0,1,0,3.9908341858524357,3.2301823390039366
0,2,1,26.0,0,0,7.8875,2,3,1,1,0,0,1,2.184645795129359,1.9419897009313902
0,2,1,39.0,0,0,24.15,2,3,1,1,0,0,1,3.224857896545748,2.714950157062132
0,1,1,35.0,0,0,10.5,2,2,1,1,0,0,1,2.4423470353692043,2.1418006055672634
0,2,0,6.0,4,2,31.275,2,3,3,0,0,0,0,3.4742929367327062,2.8875210149241997
0,2,1,30.5,0,0,8.05,2,3,1,1,0,0,1,2.2027647577118348,1.9562242515698263
0,0,1,37.0,0,0,0.0,2,1,1,1,0,0,1,0.0,0.0
0,2,0,23.0,0,0,7.925,2,3,2,0,0,0,1,2.188856327665703,1.9453000941564331
0,1,1,31.0,1,1,37.0042,0,2,1,1,1,0,0,3.637696679934592,2.9980316085181995
0,2,1,43.0,0,0,6.45,2,3,1,1,0,0,1,2.0082140323914683,1.8018888957900852
0,2,1,10.0,3,2,27.9,2,3,3,0,0,0,0,3.3638415951183864,2.8116893604126076
1,0,0,52.0,1,1,93.5,2,1,2,0,0,1,0,4.548599834499697,3.578971206982373
1,2,1,27.0,0,0,8.6625,2,3,1,1,0,1,1,2.2682524139135403,2.0074365035447177
0,0,1,38.0,0,0,0.0,2,1,1,1,0,0,1,0.0,0.0
1,2,0,27.0,0,1,12.475,2,3,2,0,0,1,0,2.600836116795061,2.2619032660702967
0,2,1,2.0,4,1,39.6875,2,3,3,0,0,0,0,3.705920919968788,3.043587395129805
0,2,1,24.0,0,0,6.95,1,3,1,1,2,0,1,2.0731719286662407,1.8537871057583117
0,2,1,24.0,0,0,56.4958,2,3,1,1,0,0,1,4.05171190165724,3.2692997101951935
1,1,1,1.0,0,2,37.0042,0,2,3,0,1,1,0,3.637696679934592,2.9980316085181995
1,2,1,24.0,0,0,7.75,1,3,1,1,2,1,1,2.169053700369523,1.9297175682817873
1,0,0,62.0,0,0,80.0,2,1,2,0,0,1,1,4.394449154672439,3.484705574170621
1,2,0,15.0,1,0,14.4542,0,3,3,0,1,1,0,2.737880811060884,2.36408082925627
1,1,1,0.83,1,1,18.75,2,2,3,0,0,1,0,2.9831534913471307,2.543149751047009
0,2,1,23.0,0,0,7.8542,2,3,1,1,0,0,1,2.180891922715322,1.93903704877462
0,2,1,18.0,0,0,8.3,2,3,1,1,0,0,1,2.2300144001592104,1.9775786696492847
1,0,0,39.0,1,1,83.1583,0,1,2,0,1,1,0,4.432699549165613,3.508245612266387
0,2,1,21.0,0,0,8.6625,2,3,1,1,0,0,1,2.2682524139135403,2.0074365035447177
1,0,1,37.0,0,0,29.7,0,1,1,1,1,1,1,3.4242626545931514,2.8532862571895845
0,2,1,20.0,0,0,7.925,2,3,1,1,0,0,1,2.188856327665703,1.9453000941564331
0,1,1,16.0,0,0,10.5,2,2,1,1,0,0,1,2.4423470353692043,2.1418006055672634
1,0,0,30.0,0,0,31.0,0,1,2,0,1,1,1,3.4657359027997265,2.8816789487070023
0,2,1,34.5,0,0,6.4375,0,3,1,1,1,0,1,2.006534770871748,1.8005423243058567
0,2,1,42.0,0,0,7.55,2,3,1,1,0,0,1,2.145931282948669,1.9114797224535416
0,2,1,35.0,0,0,7.8958,0,3,1,1,1,0,1,2.1855792552411137,1.9427237356264735
0,1,1,28.0,0,1,33.0,2,2,1,1,0,0,0,3.5263605246161616,2.9229503734127955
1,0,0,37.0,1,0,89.1042,0,1,2,0,1,1,0,4.500966778400217,3.550013271279044
0,2,1,4.0,4,2,31.275,2,3,3,0,0,0,0,3.4742929367327062,2.8875210149241997
0,2,1,74.0,0,0,7.775,2,3,1,1,0,0,1,2.1719067693519296,1.9319647182517203
0,2,0,9.0,1,1,15.2458,0,3,3,0,1,0,0,2.7878344138303452,2.4009437945387266
1,0,0,16.0,0,1,39.4,2,1,2,0,0,1,0,3.6988297849671046,3.038868291919501
0,1,0,44.0,1,0,26.0,2,2,2,0,0,0,0,3.295836866004329,2.7645396242206477
1,2,0,18.0,0,1,9.35,2,3,2,0,0,1,0,2.336986519711378,2.060792229591371
1,0,0,45.0,1,1,164.8667,2,1,2,0,0,1,0,5.11118445372147,3.9097527413520745
1,0,1,51.0,0,0,26.55,2,1,1,1,0,1,1,3.3160025355989236,2.778557895881126
1,2,0,24.0,0,3,19.2583,0,3,2,0,1,1,0,3.0085645861193133,2.5614272317108684
0,2,1,41.0,2,0,14.1083,2,3,1,1,0,0,0,2.7152442616824506,2.3473095188190296
0,1,1,21.0,1,0,11.5,2,2,1,1,0,0,0,2.5257286443082556,2.20524795050654
1,0,0,48.0,0,0,25.9292,2,1,2,0,0,1,1,3.2932111997353943,2.7627120895946247
0,1,1,24.0,0,0,13.0,2,2,1,1,0,0,1,2.6390573296152584,2.2905552238882727
1,1,0,42.0,0,0,13.0,2,2,2,0,0,1,1,2.6390573296152584,2.2905552238882727
1,1,0,27.0,1,0,13.8583,0,2,2,0,1,1,0,2.698558631668595,2.334920454494284
0,0,1,31.0,0,0,50.4958,2,1,1,1,0,0,1,3.941500250945973,3.1982897994025103
0,2,1,24.0,0,0,9.5,2,3,1,1,0,0,1,2.3513752571634776,2.0719107020982
1,2,1,4.0,1,1,11.1333,2,3,3,0,0,1,0,2.495953738718064,2.182658176000245
1,0,0,47.0,1,1,52.5542,2,1,2,0,0,1,0,3.9806942251907276,3.223641356439257
0,0,1,33.0,0,0,5.0,2,1,1,1,0,0,1,1.791759469228055,1.6262511688420656
0,2,1,47.0,0,0,9.0,2,3,1,1,0,0,1,2.302585092994046,2.034138105292032
1,1,0,28.0,1,0,24.0,0,2,2,0,1,1,0,3.2188758248682006,2.710753065730635
1,2,0,15.0,0,0,7.225,0,3,3,0,1,1,1,2.1071782966514356,1.880809033479897
0,2,1,20.0,0,0,9.8458,2,3,1,1,0,0,1,2.3837779082709782,2.096884557577816
1,0,0,56.0,0,1,83.1583,0,1,2,0,1,1,0,4.432699549165613,3.508245612266387
1,1,0,25.0,0,1,26.0,2,2,2,0,0,1,0,3.295836866004329,2.7645396242206477
0,2,1,33.0,0,0,7.8958,2,3,1,1,0,0,1,2.1855792552411137,1.9427237356264735
0,2,0,22.0,0,0,10.5167,2,3,2,0,0,0,1,2.4437981558973862,2.1429097854587678
0,1,1,28.0,0,0,10.5,2,2,1,1,0,0,1,2.4423470353692043,2.1418006055672634
0,2,0,39.0,0,5,29.125,1,3,2,0,2,0,0,3.405355391810819,2.840299252028104
1,0,0,19.0,0,0,30.0,2,1,2,0,0,1,1,3.4339872044851463,2.8599553376514835
0,2,0,24.0,1,2,23.45,2,3,2,0,0,0,0,3.196630215920881,2.6951210349686443
1,0,1,26.0,0,0,30.0,0,1,1,1,1,1,1,3.4339872044851463,2.8599553376514835
0,2,1,32.0,0,0,7.75,1,3,1,1,2,0,1,2.169053700369523,1.9297175682817873
